HOI,customer_id,geo_id,dealership_id,lead_source,first_contact_date,Test
1,601,1,3,Referral,24-12-2025,0
2,748,2,1,Website,06-05-2025,0
3,947,4,1,Facebook Ads,21-08-2025,0
4,624,1,3,Walk-in,08-12-2025,0
5,123,1,2,Website,26-12-2025,0
6,168,4,3,Facebook Ads,25-09-2025,0
7,802,3,2,Walk-in,10-07-2025,0
8,768,3,1,Instagram,16-01-2025,0
9,827,4,3,Website,26-09-2025,0
10,270,5,1,Referral,12-09-2025,0
11,524,3,1,Facebook Ads,13-09-2025,0
12,171,3,2,Website,11-05-2025,0
13,916,5,1,Facebook Ads,27-04-2025,0
14,3,1,1,Website,06-05-2025,0
15,484,3,4,Walk-in,18-03-2025,0
16,954,1,5,Referral,02-12-2025,0
17,230,3,2,Instagram,02-08-2025,0
18,278,1,5,Website,10-07-2025,0
19,515,1,2,Facebook Ads,25-04-2025,0
20,48,4,1,Instagram,27-08-2025,0
21,793,3,3,Facebook Ads,14-02-2025,0
22,468,1,3,Instagram,13-04-2025,0
23,578,3,5,Referral,05-05-2025,0
24,378,5,4,Facebook Ads,11-04-2025,0
25,779,2,2,Referral,04-01-2025,0
26,25,2,5,Website,27-06-2025,0
27,974,3,1,Referral,03-12-2025,0
28,870,3,1,Facebook Ads,16-04-2025,0
29,244,4,4,Walk-in,31-01-2025,0
30,729,3,1,Walk-in,23-01-2025,0
31,919,5,4,Instagram,25-12-2025,0
32,470,1,5,Facebook Ads,18-02-2025,0
33,137,4,1,Facebook Ads,31-10-2025,0
34,64,4,2,Instagram,02-05-2025,0
35,268,3,4,Instagram,25-12-2025,0
36,326,4,3,Website,30-04-2025,0
37,967,2,2,Website,27-10-2025,0
38,160,1,2,Referral,19-08-2025,0
39,322,4,1,Instagram,02-10-2025,0
40,988,2,4,Referral,07-06-2025,0
41,272,1,1,Instagram,22-03-2025,0
42,847,5,1,Instagram,21-04-2025,0
43,152,1,2,Referral,02-07-2025,0
44,526,1,3,Walk-in,14-05-2025,0
45,32,4,4,Facebook Ads,12-10-2025,0
46,256,1,4,Walk-in,22-02-2025,0
47,125,1,1,Walk-in,24-04-2025,0
48,203,4,3,Website,18-12-2025,0
49,597,5,3,Website,08-02-2025,0
50,67,2,4,Website,07-03-2025,0
51,927,3,1,Referral,22-01-2025,0
52,52,2,5,Referral,10-08-2025,0
53,509,1,4,Referral,16-12-2025,0
54,177,3,2,Instagram,06-04-2025,0
55,287,4,2,Facebook Ads,18-01-2025,0
56,635,5,2,Instagram,28-11-2025,0
57,511,4,5,Website,03-09-2025,0
58,90,3,4,Referral,12-03-2025,0
59,205,5,2,Facebook Ads,19-11-2025,0
60,814,1,4,Referral,03-07-2025,0
61,558,4,3,Facebook Ads,17-10-2025,0
62,330,4,3,Website,03-04-2025,0
63,327,5,2,Instagram,16-01-2025,0
64,60,4,5,Facebook Ads,03-07-2025,0
65,239,2,1,Walk-in,07-05-2025,0
66,273,5,1,Facebook Ads,23-04-2025,0
67,867,4,3,Walk-in,30-03-2025,0
68,243,5,3,Instagram,24-12-2025,0
69,936,5,1,Instagram,27-12-2025,0
70,971,5,5,Facebook Ads,14-03-2025,0
71,972,2,4,Instagram,05-10-2025,0
72,180,4,1,Website,16-02-2025,0
73,239,5,2,Facebook Ads,11-01-2025,0
74,490,1,3,Walk-in,11-11-2025,0
75,826,2,3,Instagram,01-04-2025,0
76,61,1,2,Walk-in,28-10-2025,0
77,793,1,5,Website,06-07-2025,0
78,383,4,5,Instagram,21-02-2025,0
79,310,3,2,Referral,22-03-2025,0
80,811,4,3,Facebook Ads,31-03-2025,0
81,711,5,3,Facebook Ads,25-04-2025,0
82,835,2,4,Instagram,07-06-2025,0
83,131,2,1,Facebook Ads,26-12-2025,0
84,401,5,1,Facebook Ads,04-04-2025,0
85,326,5,2,Facebook Ads,24-11-2025,0
86,107,4,2,Website,19-06-2025,0
87,244,3,3,Website,27-03-2025,0
88,842,3,4,Instagram,06-01-2025,0
89,215,2,1,Instagram,29-06-2025,0
90,806,1,1,Referral,25-01-2025,0
91,449,4,2,Referral,31-07-2025,0
92,903,4,3,Referral,07-10-2025,0
93,104,4,5,Walk-in,30-11-2025,0
94,167,4,1,Instagram,18-01-2025,0
95,21,3,3,Website,23-02-2025,0
96,351,2,4,Website,24-03-2025,0
97,561,1,3,Facebook Ads,01-11-2025,0
98,915,4,1,Walk-in,09-08-2025,0
99,622,4,2,Website,28-01-2025,0
100,340,2,2,Facebook Ads,29-07-2025,0
101,740,5,3,Instagram,05-12-2025,0
102,305,2,1,Referral,26-01-2025,0
103,586,5,4,Website,20-03-2025,0
104,370,1,4,Instagram,14-02-2025,0
105,844,5,4,Website,13-04-2025,0
106,27,2,2,Instagram,23-11-2025,0
107,84,4,1,Referral,07-06-2025,0
108,483,4,3,Facebook Ads,16-02-2025,0
109,397,2,3,Instagram,15-07-2025,0
110,192,4,1,Referral,15-05-2025,0
111,477,3,2,Facebook Ads,18-05-2025,0
112,64,2,1,Instagram,13-02-2025,0
113,828,5,4,Walk-in,29-10-2025,0
114,567,1,4,Referral,25-09-2025,0
115,989,5,4,Walk-in,21-10-2025,0
116,488,3,1,Website,22-07-2025,0
117,515,5,5,Facebook Ads,20-10-2025,0
118,151,1,4,Walk-in,30-03-2025,0
119,996,2,2,Website,06-03-2025,0
120,434,1,4,Walk-in,14-04-2025,0
121,855,5,3,Website,13-06-2025,0
122,90,4,5,Facebook Ads,23-07-2025,0
123,334,3,5,Website,23-08-2025,0
124,806,5,5,Referral,25-09-2025,0
125,116,4,2,Facebook Ads,17-03-2025,0
126,603,5,1,Facebook Ads,24-02-2025,0
127,799,1,3,Instagram,02-10-2025,0
128,899,4,3,Referral,16-07-2025,0
129,586,5,4,Walk-in,20-01-2025,0
130,283,4,2,Facebook Ads,13-11-2025,0
131,698,4,1,Instagram,22-07-2025,0
132,708,2,1,Instagram,01-09-2025,0
133,919,3,1,Instagram,22-06-2025,0
134,319,3,4,Website,23-12-2025,0
135,996,2,2,Referral,03-06-2025,0
136,793,3,3,Facebook Ads,02-08-2025,0
137,662,1,2,Walk-in,15-08-2025,0
138,936,4,4,Instagram,22-09-2025,0
139,841,1,5,Website,23-03-2025,0
140,319,5,4,Facebook Ads,11-03-2025,0
141,901,5,1,Walk-in,30-03-2025,0
142,897,2,1,Website,08-05-2025,0
143,468,1,3,Walk-in,27-12-2025,0
144,281,3,4,Referral,16-09-2025,0
145,651,1,1,Instagram,04-05-2025,0
146,501,5,4,Referral,01-04-2025,0
147,601,5,3,Walk-in,26-06-2025,0
148,858,3,1,Website,26-05-2025,0
149,396,1,2,Walk-in,20-10-2025,0
150,878,2,2,Walk-in,13-12-2025,0
151,276,4,5,Website,11-01-2025,0
152,486,2,2,Website,04-11-2025,0
153,230,3,5,Instagram,06-06-2025,0
154,434,4,3,Instagram,24-08-2025,0
155,224,4,3,Facebook Ads,13-12-2025,0
156,845,5,4,Website,27-10-2025,0
157,8,5,3,Facebook Ads,15-10-2025,0
158,624,3,3,Website,17-12-2025,0
159,494,1,3,Instagram,22-05-2025,0
160,883,3,3,Instagram,02-12-2025,0
161,193,2,5,Website,04-05-2025,0
162,825,5,4,Instagram,05-12-2025,0
163,698,2,1,Referral,02-12-2025,0
164,303,3,4,Referral,27-07-2025,0
165,755,1,5,Facebook Ads,29-12-2025,0
166,836,2,3,Facebook Ads,24-04-2025,0
167,654,4,3,Instagram,17-09-2025,0
168,866,2,5,Instagram,03-04-2025,0
169,100,4,2,Facebook Ads,13-05-2025,0
170,782,2,3,Website,02-12-2025,0
171,228,3,2,Referral,07-06-2025,0
172,808,3,3,Facebook Ads,14-05-2025,0
173,302,4,1,Website,29-08-2025,0
174,888,5,5,Website,14-11-2025,0
175,484,2,5,Referral,03-03-2025,0
176,543,3,4,Walk-in,28-01-2025,0
177,141,2,3,Facebook Ads,29-07-2025,0
178,915,4,2,Walk-in,11-06-2025,0
179,798,1,4,Walk-in,20-06-2025,0
180,321,1,1,Instagram,20-08-2025,0
181,215,2,5,Referral,23-03-2025,0
182,805,1,2,Referral,11-11-2025,0
183,649,4,4,Referral,08-08-2025,0
184,393,1,1,Walk-in,01-10-2025,0
185,749,3,1,Facebook Ads,14-06-2025,0
186,196,1,1,Walk-in,17-11-2025,0
187,232,3,3,Website,08-03-2025,0
188,393,5,5,Walk-in,06-06-2025,0
189,67,1,3,Referral,29-05-2025,0
190,746,5,5,Instagram,26-09-2025,0
191,445,2,3,Instagram,08-09-2025,0
192,769,2,2,Website,26-07-2025,0
193,234,2,2,Website,19-04-2025,0
194,604,5,2,Instagram,05-03-2025,0
195,729,1,4,Instagram,24-11-2025,0
196,790,5,5,Facebook Ads,25-01-2025,0
197,50,1,1,Website,25-01-2025,0
198,427,4,4,Facebook Ads,05-03-2025,0
199,259,4,2,Website,16-04-2025,0
200,309,4,1,Facebook Ads,06-12-2025,0
201,277,5,5,Walk-in,25-12-2025,0
202,429,1,5,Website,13-11-2025,0
203,290,1,1,Walk-in,12-09-2025,0
204,624,2,3,Walk-in,25-09-2025,0
205,367,4,3,Website,24-03-2025,0
206,562,4,2,Referral,19-12-2025,0
207,339,2,1,Website,07-01-2025,0
208,929,1,5,Referral,09-12-2025,0
209,153,1,5,Website,08-02-2025,0
210,927,3,2,Instagram,22-08-2025,0
211,271,4,1,Walk-in,21-02-2025,0
212,896,1,3,Instagram,04-07-2025,0
213,437,1,1,Website,24-01-2025,0
214,873,2,2,Instagram,18-06-2025,0
215,916,4,5,Website,18-05-2025,0
216,382,3,2,Referral,28-02-2025,0
217,410,4,3,Referral,17-07-2025,0
218,820,4,2,Walk-in,27-02-2025,0
219,713,1,2,Referral,23-02-2025,0
220,934,5,4,Referral,19-10-2025,0
221,186,5,4,Facebook Ads,03-07-2025,0
222,30,2,4,Website,07-09-2025,0
223,909,4,4,Website,24-01-2025,0
224,268,3,1,Facebook Ads,27-12-2025,0
225,786,5,5,Instagram,25-04-2025,0
226,532,5,5,Referral,18-02-2025,0
227,678,2,4,Referral,27-06-2025,0
228,153,5,5,Website,28-01-2025,0
229,659,2,5,Referral,29-08-2025,0
230,891,2,1,Instagram,09-09-2025,0
231,247,3,3,Facebook Ads,26-01-2025,0
232,229,5,4,Walk-in,26-07-2025,0
233,81,4,4,Referral,21-10-2025,0
234,91,4,4,Website,11-06-2025,0
235,510,1,1,Referral,26-07-2025,0
236,37,5,5,Website,01-01-2025,0
237,811,5,5,Instagram,23-11-2025,0
238,912,5,5,Referral,16-04-2025,0
239,974,3,3,Walk-in,28-01-2025,0
240,865,4,3,Facebook Ads,14-10-2025,0
241,615,4,3,Website,20-08-2025,0
242,100,2,1,Instagram,24-06-2025,0
243,850,3,5,Instagram,25-09-2025,0
244,719,1,1,Referral,26-03-2025,0
245,144,4,1,Facebook Ads,11-05-2025,0
246,201,2,1,Walk-in,21-07-2025,0
247,469,2,3,Referral,25-02-2025,0
248,48,5,1,Referral,19-08-2025,0
249,675,5,5,Referral,10-03-2025,0
250,5,5,1,Referral,11-10-2025,0
251,859,5,4,Walk-in,18-09-2025,0
252,709,5,2,Website,07-03-2025,0
253,397,5,5,Facebook Ads,14-06-2025,0
254,903,4,4,Walk-in,08-11-2025,0
255,281,4,3,Referral,31-05-2025,0
256,825,2,2,Facebook Ads,31-07-2025,0
257,717,5,3,Facebook Ads,26-12-2025,0
258,882,3,5,Walk-in,20-11-2025,0
259,206,2,5,Instagram,29-05-2025,0
260,944,2,2,Facebook Ads,15-09-2025,0
261,711,3,1,Facebook Ads,30-06-2025,0
262,492,5,5,Referral,08-12-2025,0
263,691,5,3,Website,05-08-2025,0
264,536,1,1,Walk-in,15-07-2025,0
265,55,1,2,Walk-in,17-05-2025,0
266,294,3,2,Instagram,01-02-2025,0
267,209,5,1,Referral,03-07-2025,0
268,105,5,5,Facebook Ads,25-04-2025,0
269,399,2,5,Instagram,23-12-2025,0
270,710,1,4,Referral,18-07-2025,0
271,980,3,5,Website,28-01-2025,0
272,762,3,2,Referral,14-11-2025,0
273,850,2,3,Facebook Ads,29-10-2025,0
274,757,5,2,Instagram,10-04-2025,0
275,460,2,1,Walk-in,06-04-2025,0
276,753,5,1,Website,13-07-2025,0
277,439,3,5,Walk-in,16-05-2025,0
278,165,5,3,Instagram,03-01-2025,0
279,478,2,1,Instagram,20-03-2025,0
280,612,1,5,Instagram,05-12-2025,0
281,503,5,5,Website,03-07-2025,0
282,803,3,5,Walk-in,23-04-2025,0
283,534,1,5,Referral,23-03-2025,0
284,557,5,4,Instagram,17-02-2025,0
285,227,2,3,Instagram,19-06-2025,0
286,301,2,5,Referral,29-09-2025,0
287,575,1,1,Instagram,09-12-2025,0
288,457,2,5,Walk-in,15-11-2025,0
289,982,1,3,Website,15-07-2025,0
290,396,3,5,Website,25-05-2025,0
291,934,5,3,Facebook Ads,21-09-2025,0
292,457,4,1,Walk-in,01-06-2025,0
293,329,5,1,Walk-in,19-02-2025,0
294,995,5,5,Website,04-01-2025,0
295,216,2,4,Walk-in,23-02-2025,0
296,551,4,1,Walk-in,18-12-2025,0
297,25,4,3,Website,20-01-2025,0
298,76,1,2,Facebook Ads,09-05-2025,0
299,73,5,2,Referral,13-05-2025,0
300,398,4,4,Instagram,10-08-2025,0
301,18,4,1,Website,01-10-2025,0
302,657,5,1,Website,27-10-2025,0
303,718,1,3,Website,15-09-2025,0
304,297,3,5,Instagram,14-02-2025,0
305,784,4,4,Website,22-07-2025,0
306,486,2,5,Walk-in,23-04-2025,0
307,765,4,5,Walk-in,01-06-2025,0
308,306,3,1,Facebook Ads,11-10-2025,0
309,145,1,1,Facebook Ads,03-01-2025,0
310,611,4,5,Website,08-10-2025,0
311,313,2,3,Referral,19-04-2025,0
312,928,5,2,Walk-in,24-03-2025,0
313,227,5,3,Website,10-04-2025,0
314,186,5,1,Referral,09-10-2025,0
315,661,5,1,Website,29-05-2025,0
316,257,1,2,Referral,25-10-2025,0
317,975,3,3,Walk-in,07-03-2025,0
318,103,3,5,Walk-in,05-02-2025,0
319,326,4,4,Facebook Ads,18-06-2025,0
320,676,3,5,Facebook Ads,20-03-2025,0
321,581,3,3,Walk-in,08-08-2025,0
322,5,3,2,Referral,24-04-2025,0
323,284,3,2,Instagram,14-12-2025,0
324,899,4,4,Instagram,17-08-2025,0
325,794,3,4,Website,10-10-2025,0
326,180,5,1,Walk-in,24-05-2025,0
327,913,5,2,Website,15-05-2025,0
328,745,1,1,Website,17-09-2025,0
329,833,5,5,Facebook Ads,27-07-2025,0
330,218,1,5,Facebook Ads,14-05-2025,0
331,916,5,4,Walk-in,01-12-2025,0
332,375,4,2,Instagram,29-10-2025,0
333,138,4,5,Website,19-09-2025,0
334,407,3,5,Walk-in,06-01-2025,0
335,869,5,2,Walk-in,21-09-2025,0
336,457,2,2,Facebook Ads,17-10-2025,0
337,676,2,4,Website,03-07-2025,0
338,225,4,2,Instagram,02-02-2025,0
339,379,2,1,Walk-in,09-12-2025,0
340,531,3,4,Referral,29-08-2025,0
341,903,1,1,Instagram,29-11-2025,0
342,106,5,3,Facebook Ads,15-05-2025,0
343,558,5,2,Referral,12-07-2025,0
344,375,5,1,Instagram,22-09-2025,0
345,386,2,5,Instagram,27-07-2025,0
346,837,3,4,Facebook Ads,04-09-2025,0
347,7,5,2,Walk-in,14-08-2025,0
348,236,1,5,Instagram,26-11-2025,0
349,217,2,2,Instagram,22-03-2025,0
350,617,1,2,Instagram,01-08-2025,0
351,738,1,4,Referral,12-12-2025,0
352,491,2,5,Referral,24-03-2025,0
353,23,2,1,Facebook Ads,07-03-2025,0
354,607,2,2,Facebook Ads,19-11-2025,0
355,41,5,2,Walk-in,29-01-2025,0
356,265,2,5,Facebook Ads,27-07-2025,0
357,993,5,1,Instagram,05-12-2025,0
358,970,1,2,Facebook Ads,18-08-2025,0
359,483,4,2,Referral,23-04-2025,0
360,616,2,5,Facebook Ads,04-04-2025,0
361,676,5,3,Instagram,27-03-2025,0
362,945,4,5,Website,30-10-2025,0
363,236,4,4,Website,09-03-2025,0
364,17,2,5,Referral,16-09-2025,0
365,847,2,5,Walk-in,19-02-2025,0
366,488,5,5,Facebook Ads,20-01-2025,0
367,516,1,1,Walk-in,04-09-2025,0
368,924,5,5,Referral,01-01-2025,0
369,535,4,3,Facebook Ads,23-01-2025,0
370,440,2,4,Instagram,15-07-2025,0
371,604,5,1,Walk-in,06-08-2025,0
372,261,4,2,Instagram,12-02-2025,0
373,613,5,4,Walk-in,12-05-2025,0
374,6,1,5,Website,25-09-2025,0
375,533,1,4,Walk-in,02-12-2025,0
376,705,3,4,Website,05-07-2025,0
377,159,4,5,Instagram,10-05-2025,0
378,876,5,4,Instagram,17-10-2025,0
379,627,3,4,Referral,15-04-2025,0
380,566,5,4,Instagram,02-04-2025,0
381,573,5,4,Instagram,10-05-2025,0
382,592,3,4,Website,12-03-2025,0
383,766,2,4,Walk-in,25-12-2025,0
384,103,2,5,Instagram,25-07-2025,0
385,821,5,5,Website,23-12-2025,0
386,165,4,1,Walk-in,16-02-2025,0
387,483,5,4,Website,15-02-2025,0
388,270,2,3,Facebook Ads,10-02-2025,0
389,39,4,4,Facebook Ads,11-11-2025,0
390,294,5,1,Referral,31-03-2025,0
391,450,1,2,Facebook Ads,03-12-2025,0
392,293,2,1,Facebook Ads,03-11-2025,0
393,529,2,5,Website,28-03-2025,0
394,369,2,1,Website,22-03-2025,0
395,283,4,3,Referral,09-12-2025,0
396,416,5,2,Website,23-09-2025,0
397,755,1,1,Instagram,09-10-2025,0
398,744,5,5,Instagram,28-06-2025,0
399,987,3,2,Walk-in,07-11-2025,0
400,466,4,5,Instagram,03-01-2025,0
401,180,4,5,Facebook Ads,24-02-2025,0
402,75,5,3,Website,24-06-2025,0
403,823,5,3,Facebook Ads,03-10-2025,0
404,257,4,4,Referral,16-10-2025,0
405,789,2,3,Referral,23-08-2025,0
406,919,5,1,Website,04-09-2025,0
407,265,1,4,Walk-in,21-11-2025,0
408,694,2,3,Instagram,31-07-2025,0
409,529,5,1,Instagram,25-12-2025,0
410,255,3,1,Instagram,24-07-2025,0
411,78,5,2,Instagram,01-09-2025,0
412,363,2,5,Walk-in,18-05-2025,0
413,970,2,4,Walk-in,13-04-2025,0
414,754,2,3,Walk-in,16-04-2025,0
415,208,2,5,Walk-in,02-07-2025,0
416,798,1,1,Referral,10-02-2025,0
417,629,1,5,Referral,22-01-2025,0
418,381,5,3,Facebook Ads,10-09-2025,0
419,890,3,4,Facebook Ads,04-04-2025,0
420,287,4,2,Walk-in,23-10-2025,0
421,56,5,4,Facebook Ads,02-09-2025,0
422,34,5,3,Walk-in,21-07-2025,0
423,469,1,5,Instagram,24-08-2025,0
424,706,1,1,Walk-in,12-12-2025,0
425,389,5,1,Instagram,16-06-2025,0
426,628,3,2,Instagram,08-10-2025,0
427,243,3,4,Instagram,10-11-2025,0
428,375,2,4,Walk-in,06-08-2025,0
429,430,3,3,Instagram,25-07-2025,0
430,462,2,5,Facebook Ads,09-03-2025,0
431,703,2,1,Walk-in,19-05-2025,0
432,569,4,4,Walk-in,11-04-2025,0
433,820,2,4,Walk-in,05-01-2025,0
434,432,4,2,Facebook Ads,19-11-2025,0
435,547,3,4,Instagram,03-06-2025,0
436,576,5,1,Website,23-07-2025,0
437,708,2,1,Instagram,21-04-2025,0
438,488,1,4,Instagram,21-06-2025,0
439,370,3,5,Instagram,13-10-2025,0
440,353,1,4,Instagram,04-03-2025,0
441,889,5,2,Facebook Ads,23-10-2025,0
442,666,5,2,Instagram,26-05-2025,0
443,333,5,4,Website,17-08-2025,0
444,391,5,3,Walk-in,26-08-2025,0
445,890,2,3,Facebook Ads,04-08-2025,0
446,586,4,1,Walk-in,10-02-2025,0
447,352,2,3,Instagram,12-06-2025,0
448,728,3,5,Referral,27-11-2025,0
449,278,4,3,Facebook Ads,28-10-2025,0
450,989,4,4,Walk-in,27-03-2025,0
451,875,1,2,Instagram,01-05-2025,0
452,964,1,2,Referral,27-03-2025,0
453,106,1,1,Facebook Ads,31-08-2025,0
454,56,1,4,Website,26-09-2025,0
455,107,3,5,Website,21-03-2025,0
456,671,4,3,Walk-in,28-04-2025,0
457,756,3,4,Walk-in,17-11-2025,0
458,135,5,2,Website,15-01-2025,0
459,680,3,3,Referral,01-09-2025,0
460,999,5,3,Referral,08-10-2025,0
461,139,5,2,Facebook Ads,30-10-2025,0
462,468,5,4,Facebook Ads,26-09-2025,0
463,318,3,4,Walk-in,04-10-2025,0
464,825,1,4,Instagram,07-06-2025,0
465,423,3,2,Website,05-06-2025,0
466,1,5,2,Instagram,26-06-2025,0
467,481,5,1,Referral,19-12-2025,0
468,970,4,3,Referral,05-01-2025,0
469,818,3,5,Website,29-04-2025,0
470,562,3,2,Facebook Ads,30-07-2025,0
471,448,4,2,Referral,25-03-2025,0
472,849,4,2,Website,15-05-2025,0
473,433,2,5,Instagram,10-11-2025,0
474,292,5,3,Walk-in,31-07-2025,0
475,874,1,2,Instagram,11-03-2025,0
476,114,4,5,Instagram,20-08-2025,0
477,718,5,4,Instagram,07-04-2025,0
478,20,2,1,Website,01-10-2025,0
479,191,1,3,Walk-in,18-05-2025,0
480,733,4,1,Website,30-04-2025,0
481,155,1,4,Instagram,22-04-2025,0
482,431,3,4,Referral,10-07-2025,0
483,714,1,3,Walk-in,11-02-2025,0
484,58,3,4,Facebook Ads,06-02-2025,0
485,482,2,2,Referral,09-05-2025,0
486,849,1,1,Referral,08-05-2025,0
487,790,4,2,Walk-in,18-01-2025,0
488,472,1,5,Walk-in,07-12-2025,0
489,485,4,3,Walk-in,15-06-2025,0
490,645,1,5,Website,24-09-2025,0
491,260,4,3,Instagram,12-04-2025,0
492,909,1,2,Walk-in,27-02-2025,0
493,649,4,3,Walk-in,08-01-2025,0
494,814,3,5,Referral,03-03-2025,0
495,809,2,1,Facebook Ads,22-01-2025,0
496,803,4,5,Instagram,21-03-2025,0
497,790,1,2,Referral,22-03-2025,0
498,94,5,3,Website,17-11-2025,0
499,62,3,2,Facebook Ads,26-12-2025,0
500,811,1,2,Walk-in,07-09-2025,0
501,325,5,3,Walk-in,13-08-2025,0
502,22,4,3,Instagram,10-03-2025,0
503,921,1,4,Referral,28-12-2025,0
504,573,3,5,Referral,23-12-2025,0
505,195,5,2,Instagram,06-10-2025,0
506,332,4,3,Facebook Ads,03-11-2025,0
507,165,1,5,Referral,21-03-2025,0
508,303,3,5,Referral,07-07-2025,0
509,1,5,4,Website,05-04-2025,0
510,635,3,5,Instagram,03-05-2025,0
511,739,1,5,Walk-in,18-07-2025,0
512,537,4,5,Facebook Ads,20-03-2025,0
513,290,3,4,Instagram,25-11-2025,0
514,114,1,5,Website,04-12-2025,0
515,45,2,2,Walk-in,17-01-2025,0
516,110,4,2,Website,20-02-2025,0
517,585,4,4,Facebook Ads,27-09-2025,0
518,719,5,3,Instagram,26-01-2025,0
519,227,5,1,Walk-in,07-01-2025,0
520,672,4,1,Website,28-08-2025,0
521,370,5,4,Website,08-07-2025,0
522,844,5,3,Website,28-09-2025,0
523,752,1,3,Walk-in,09-02-2025,0
524,984,5,1,Walk-in,21-02-2025,0
525,545,4,2,Facebook Ads,09-04-2025,0
526,673,2,5,Walk-in,17-11-2025,0
527,572,5,4,Facebook Ads,24-02-2025,0
528,367,4,4,Walk-in,23-02-2025,0
529,812,2,5,Facebook Ads,25-07-2025,0
530,346,2,5,Referral,04-11-2025,0
531,956,3,3,Instagram,09-10-2025,0
532,866,3,4,Referral,21-11-2025,0
533,846,3,5,Facebook Ads,04-05-2025,0
534,559,2,4,Instagram,09-10-2025,0
535,369,4,4,Website,23-07-2025,0
536,744,1,3,Website,02-11-2025,0
537,531,2,3,Instagram,04-01-2025,0
538,228,2,3,Instagram,12-01-2025,0
539,942,5,5,Facebook Ads,12-10-2025,0
540,949,5,2,Website,18-02-2025,0
541,472,3,2,Instagram,12-03-2025,0
542,376,5,2,Instagram,30-04-2025,0
543,831,3,1,Referral,20-10-2025,0
544,583,2,1,Referral,16-06-2025,0
545,178,4,5,Facebook Ads,18-02-2025,0
546,658,3,1,Referral,23-10-2025,0
547,81,1,3,Referral,28-06-2025,0
548,427,1,2,Facebook Ads,01-12-2025,0
549,951,1,4,Instagram,28-01-2025,0
550,537,1,3,Facebook Ads,04-10-2025,0
551,154,3,5,Walk-in,24-12-2025,0
552,157,1,4,Facebook Ads,17-08-2025,0
553,590,5,1,Referral,24-04-2025,0
554,297,4,2,Instagram,09-03-2025,0
555,85,4,5,Facebook Ads,26-01-2025,0
556,409,3,1,Facebook Ads,24-07-2025,0
557,445,2,2,Facebook Ads,04-09-2025,0
558,203,4,4,Facebook Ads,30-11-2025,0
559,201,5,5,Walk-in,26-09-2025,0
560,249,1,3,Instagram,09-08-2025,0
561,702,5,1,Referral,27-02-2025,0
562,434,3,3,Instagram,08-04-2025,0
563,353,5,1,Walk-in,06-06-2025,0
564,359,5,4,Walk-in,16-11-2025,0
565,452,1,2,Instagram,13-04-2025,0
566,160,1,1,Walk-in,28-01-2025,0
567,972,5,2,Website,28-05-2025,0
568,352,1,3,Referral,19-08-2025,0
569,24,3,2,Walk-in,03-10-2025,0
570,209,5,5,Facebook Ads,13-05-2025,0
571,495,5,2,Website,22-12-2025,0
572,386,5,5,Instagram,23-01-2025,0
573,175,1,3,Facebook Ads,13-04-2025,0
574,278,1,4,Website,02-12-2025,0
575,69,4,3,Instagram,06-12-2025,0
576,886,1,1,Referral,30-05-2025,0
577,237,4,5,Website,30-12-2025,0
578,926,3,4,Facebook Ads,02-11-2025,0
579,91,2,2,Referral,14-09-2025,0
580,575,1,1,Facebook Ads,07-05-2025,0
581,313,3,4,Walk-in,21-07-2025,0
582,19,3,3,Instagram,01-07-2025,0
583,242,5,3,Instagram,01-02-2025,0
584,900,4,1,Instagram,12-10-2025,0
585,231,2,3,Walk-in,21-07-2025,0
586,90,4,5,Facebook Ads,14-12-2025,0
587,894,2,4,Facebook Ads,04-05-2025,0
588,157,4,3,Instagram,06-11-2025,0
589,460,5,2,Walk-in,16-04-2025,0
590,595,5,2,Instagram,12-03-2025,0
591,706,5,2,Walk-in,09-08-2025,0
592,672,5,2,Website,12-06-2025,0
593,571,5,1,Instagram,05-04-2025,0
594,860,2,1,Referral,13-06-2025,0
595,985,4,3,Instagram,15-08-2025,0
596,156,2,1,Walk-in,09-03-2025,0
597,27,5,5,Facebook Ads,17-05-2025,0
598,581,5,2,Walk-in,02-11-2025,0
599,237,1,3,Referral,10-02-2025,0
600,138,5,5,Instagram,29-08-2025,0
601,189,4,4,Walk-in,31-08-2025,0
602,168,2,2,Referral,17-01-2025,0
603,783,1,3,Walk-in,31-07-2025,0
604,761,2,2,Walk-in,03-02-2025,0
605,950,4,5,Instagram,08-09-2025,0
606,888,4,2,Referral,07-08-2025,0
607,795,1,5,Instagram,14-07-2025,0
608,404,5,5,Facebook Ads,01-11-2025,0
609,538,1,5,Referral,25-02-2025,0
610,468,1,2,Facebook Ads,23-09-2025,0
611,406,1,5,Facebook Ads,18-07-2025,0
612,784,1,2,Referral,30-05-2025,0
613,408,3,3,Walk-in,25-08-2025,0
614,433,3,5,Facebook Ads,28-01-2025,0
615,926,2,4,Referral,27-11-2025,0
616,93,5,1,Facebook Ads,03-04-2025,0
617,961,5,2,Referral,21-07-2025,0
618,332,4,1,Referral,02-04-2025,0
619,605,2,4,Instagram,16-02-2025,0
620,332,2,1,Website,16-02-2025,0
621,724,4,3,Facebook Ads,13-02-2025,0
622,725,4,5,Walk-in,10-11-2025,0
623,388,5,4,Walk-in,23-01-2025,0
624,935,3,5,Walk-in,04-12-2025,0
625,167,2,2,Website,31-12-2025,0
626,430,3,3,Instagram,17-08-2025,0
627,642,2,1,Walk-in,09-03-2025,0
628,4,5,3,Referral,07-01-2025,0
629,510,4,5,Facebook Ads,03-01-2025,0
630,904,4,2,Facebook Ads,22-04-2025,0
631,676,4,4,Referral,29-07-2025,0
632,82,5,5,Walk-in,04-01-2025,0
633,904,5,3,Facebook Ads,14-11-2025,0
634,840,2,1,Walk-in,05-04-2025,0
635,57,3,1,Website,16-03-2025,0
636,684,5,5,Instagram,02-06-2025,0
637,943,1,1,Referral,25-02-2025,0
638,183,2,3,Facebook Ads,09-11-2025,0
639,587,5,2,Facebook Ads,22-08-2025,0
640,369,1,1,Instagram,03-06-2025,0
641,378,4,1,Facebook Ads,07-08-2025,0
642,67,3,4,Website,10-03-2025,0
643,712,3,3,Referral,27-09-2025,0
644,538,2,2,Website,10-11-2025,0
645,112,5,5,Referral,14-02-2025,0
646,742,5,3,Facebook Ads,07-08-2025,0
647,869,3,3,Facebook Ads,27-09-2025,0
648,639,3,2,Facebook Ads,11-11-2025,0
649,509,5,4,Walk-in,10-09-2025,0
650,905,5,2,Instagram,29-12-2025,0
651,199,1,1,Referral,13-01-2025,0
652,641,1,2,Referral,12-11-2025,0
653,424,1,3,Facebook Ads,29-06-2025,0
654,826,2,1,Walk-in,24-11-2025,0
655,707,3,3,Instagram,04-02-2025,0
656,308,5,5,Website,15-06-2025,0
657,117,3,3,Facebook Ads,22-07-2025,0
658,631,1,2,Instagram,10-04-2025,0
659,854,3,4,Website,31-08-2025,0
660,662,2,4,Referral,21-03-2025,0
661,914,5,3,Referral,25-08-2025,0
662,951,1,5,Facebook Ads,03-06-2025,0
663,743,3,5,Website,02-10-2025,0
664,214,5,3,Website,01-07-2025,0
665,993,2,3,Instagram,16-01-2025,0
666,385,5,2,Facebook Ads,20-10-2025,0
667,399,2,5,Instagram,01-03-2025,0
668,723,3,1,Referral,20-05-2025,0
669,89,4,2,Referral,10-07-2025,0
670,850,3,2,Instagram,26-09-2025,0
671,180,1,3,Walk-in,20-01-2025,0
672,936,1,4,Website,17-09-2025,0
673,819,4,5,Walk-in,20-03-2025,0
674,349,4,5,Instagram,08-06-2025,0
675,147,1,5,Walk-in,13-12-2025,0
676,211,1,4,Facebook Ads,18-07-2025,0
677,119,1,3,Facebook Ads,23-01-2025,0
678,893,1,3,Website,28-08-2025,0
679,106,5,3,Facebook Ads,12-01-2025,0
680,777,3,2,Walk-in,14-06-2025,0
681,198,3,3,Instagram,30-09-2025,0
682,792,4,1,Walk-in,20-05-2025,0
683,162,3,1,Facebook Ads,08-01-2025,0
684,574,5,1,Facebook Ads,16-04-2025,0
685,359,5,3,Walk-in,19-05-2025,0
686,966,3,5,Walk-in,06-05-2025,0
687,73,3,5,Facebook Ads,23-06-2025,0
688,455,1,2,Referral,15-01-2025,0
689,925,1,1,Website,16-07-2025,0
690,89,4,4,Facebook Ads,02-04-2025,0
691,913,5,4,Instagram,12-11-2025,0
692,320,3,2,Facebook Ads,10-12-2025,0
693,81,4,5,Website,09-03-2025,0
694,833,4,1,Instagram,22-08-2025,0
695,701,4,4,Walk-in,29-04-2025,0
696,148,5,3,Referral,06-07-2025,0
697,188,3,3,Referral,21-08-2025,0
698,31,1,4,Instagram,27-02-2025,0
699,491,4,2,Instagram,25-05-2025,0
700,619,5,2,Website,18-09-2025,0
701,416,1,3,Website,12-10-2025,0
702,812,3,5,Referral,25-08-2025,0
703,605,4,2,Walk-in,14-11-2025,0
704,562,2,4,Website,16-07-2025,0
705,349,2,5,Referral,09-08-2025,0
706,581,3,5,Walk-in,22-12-2025,0
707,178,1,5,Website,07-09-2025,0
708,607,5,4,Facebook Ads,16-06-2025,0
709,100,4,2,Referral,07-06-2025,0
710,72,5,1,Facebook Ads,17-12-2025,0
711,790,4,3,Website,11-09-2025,0
712,93,2,2,Website,25-10-2025,0
713,776,2,2,Facebook Ads,20-08-2025,0
714,299,4,5,Referral,23-10-2025,0
715,201,2,3,Facebook Ads,03-06-2025,0
716,814,3,4,Website,26-06-2025,0
717,597,1,5,Referral,19-09-2025,0
718,868,2,3,Instagram,01-02-2025,0
719,923,5,1,Facebook Ads,01-01-2025,0
720,841,3,1,Website,25-05-2025,0
721,241,4,5,Instagram,21-07-2025,0
722,729,4,4,Referral,15-07-2025,0
723,559,2,2,Walk-in,01-09-2025,0
724,193,5,4,Referral,04-07-2025,0
725,158,3,2,Website,10-03-2025,0
726,74,1,2,Referral,07-09-2025,0
727,999,2,1,Referral,12-03-2025,0
728,881,4,5,Facebook Ads,06-08-2025,0
729,185,4,5,Facebook Ads,06-08-2025,0
730,840,4,4,Walk-in,01-07-2025,0
731,191,4,5,Facebook Ads,04-01-2025,0
732,511,2,5,Referral,18-05-2025,0
733,949,5,5,Website,07-07-2025,0
734,39,5,4,Instagram,27-12-2025,0
735,116,5,4,Website,20-12-2025,0
736,146,5,3,Facebook Ads,27-08-2025,0
737,81,5,5,Walk-in,15-02-2025,0
738,484,1,5,Instagram,24-10-2025,0
739,628,1,3,Website,01-10-2025,0
740,481,4,5,Facebook Ads,29-08-2025,0
741,752,3,4,Instagram,30-06-2025,0
742,297,2,1,Facebook Ads,22-12-2025,0
743,768,3,5,Website,14-05-2025,0
744,645,4,5,Facebook Ads,28-03-2025,0
745,53,3,5,Instagram,14-01-2025,0
746,497,1,2,Website,16-09-2025,0
747,872,3,3,Facebook Ads,09-03-2025,0
748,288,3,3,Website,08-01-2025,0
749,619,2,5,Referral,19-03-2025,0
750,379,2,3,Walk-in,25-12-2025,0
751,497,2,5,Instagram,17-01-2025,0
752,87,2,5,Referral,20-03-2025,0
753,771,4,4,Referral,02-05-2025,0
754,744,2,2,Instagram,23-10-2025,0
755,56,3,1,Walk-in,27-01-2025,0
756,476,4,4,Referral,04-06-2025,0
757,765,5,2,Referral,14-07-2025,0
758,486,3,2,Referral,29-09-2025,0
759,13,3,4,Instagram,15-07-2025,0
760,985,5,1,Facebook Ads,19-02-2025,0
761,653,3,4,Instagram,09-11-2025,0
762,344,3,3,Instagram,20-02-2025,0
763,671,5,4,Walk-in,25-08-2025,0
764,752,5,2,Instagram,24-09-2025,0
765,694,2,3,Website,08-10-2025,0
766,689,1,1,Referral,07-01-2025,0
767,101,5,1,Referral,17-12-2025,0
768,360,2,3,Walk-in,09-05-2025,0
769,35,1,5,Website,17-02-2025,0
770,962,5,2,Website,03-11-2025,0
771,726,1,1,Walk-in,06-11-2025,0
772,385,5,2,Walk-in,26-02-2025,0
773,260,3,4,Website,05-12-2025,0
774,655,4,3,Instagram,07-08-2025,0
775,264,2,1,Website,22-05-2025,0
776,392,4,3,Instagram,31-01-2025,0
777,979,3,2,Website,14-08-2025,0
778,504,2,5,Walk-in,21-07-2025,0
779,661,4,1,Facebook Ads,15-03-2025,0
780,788,4,2,Website,11-11-2025,0
781,935,4,3,Website,22-02-2025,0
782,75,1,5,Referral,09-05-2025,0
783,20,4,2,Website,01-12-2025,0
784,956,1,4,Walk-in,17-05-2025,0
785,717,3,4,Website,22-10-2025,0
786,528,4,4,Referral,12-08-2025,0
787,865,1,5,Website,26-04-2025,0
788,394,4,1,Facebook Ads,18-10-2025,0
789,958,3,3,Instagram,16-12-2025,0
790,411,1,1,Facebook Ads,07-07-2025,0
791,874,3,1,Instagram,24-08-2025,0
792,664,2,2,Website,11-10-2025,0
793,991,4,2,Referral,03-06-2025,0
794,918,1,3,Website,07-09-2025,0
795,907,4,2,Website,13-03-2025,0
796,198,1,5,Referral,03-05-2025,0
797,399,1,5,Instagram,26-11-2025,0
798,512,5,4,Website,09-01-2025,0
799,348,1,3,Referral,22-01-2025,0
800,122,2,5,Facebook Ads,23-08-2025,0
801,153,5,2,Website,06-02-2025,0
802,754,2,4,Website,01-12-2025,0
803,483,5,1,Walk-in,05-05-2025,0
804,15,2,1,Website,07-06-2025,0
805,468,5,2,Website,30-10-2025,0
806,838,1,1,Facebook Ads,12-09-2025,0
807,819,5,2,Walk-in,02-02-2025,0
808,437,3,4,Website,16-06-2025,0
809,1000,5,5,Instagram,12-03-2025,0
810,857,2,1,Walk-in,31-10-2025,0
811,344,1,1,Walk-in,21-05-2025,0
812,776,4,2,Instagram,23-12-2025,0
813,567,2,4,Facebook Ads,05-05-2025,0
814,42,2,1,Facebook Ads,20-11-2025,0
815,386,2,1,Website,07-09-2025,0
816,7,1,2,Facebook Ads,15-02-2025,0
817,909,3,4,Referral,22-12-2025,0
818,709,2,2,Instagram,15-03-2025,0
819,536,4,4,Walk-in,03-05-2025,0
820,626,1,5,Referral,03-04-2025,0
821,627,1,3,Referral,28-06-2025,0
822,5,5,2,Website,09-04-2025,0
823,543,1,5,Facebook Ads,05-07-2025,0
824,520,2,4,Walk-in,17-11-2025,0
825,284,1,2,Walk-in,27-02-2025,0
826,702,4,4,Walk-in,01-04-2025,0
827,687,1,1,Instagram,27-11-2025,0
828,292,2,4,Instagram,09-05-2025,0
829,632,4,1,Website,23-02-2025,0
830,948,5,2,Website,22-03-2025,0
831,497,5,1,Walk-in,06-02-2025,0
832,739,4,5,Instagram,24-10-2025,0
833,430,2,3,Website,28-04-2025,0
834,334,2,1,Referral,02-05-2025,0
835,891,2,4,Website,23-04-2025,0
836,483,5,4,Referral,28-01-2025,0
837,149,2,5,Walk-in,21-08-2025,0
838,397,3,2,Walk-in,23-08-2025,0
839,648,3,3,Instagram,14-04-2025,0
840,131,1,5,Instagram,31-01-2025,0
841,140,1,4,Referral,23-08-2025,0
842,176,3,2,Facebook Ads,01-06-2025,0
843,161,5,2,Facebook Ads,23-10-2025,0
844,876,2,1,Facebook Ads,30-07-2025,0
845,501,2,5,Referral,31-08-2025,0
846,286,1,4,Walk-in,07-05-2025,0
847,336,4,5,Facebook Ads,24-04-2025,0
848,969,2,5,Referral,03-01-2025,0
849,46,1,4,Website,16-09-2025,0
850,436,5,4,Website,03-09-2025,0
851,464,4,2,Facebook Ads,12-02-2025,0
852,772,1,4,Walk-in,22-04-2025,0
853,368,3,2,Website,28-11-2025,0
854,17,4,3,Referral,24-03-2025,0
855,879,5,5,Referral,13-01-2025,0
856,475,2,4,Instagram,05-04-2025,0
857,642,4,1,Website,18-11-2025,0
858,395,3,5,Instagram,17-01-2025,0
859,437,3,5,Facebook Ads,05-10-2025,0
860,814,2,1,Instagram,14-11-2025,0
861,754,1,5,Instagram,12-12-2025,0
862,910,1,1,Instagram,16-07-2025,0
863,477,5,1,Instagram,07-07-2025,0
864,180,5,1,Walk-in,15-10-2025,0
865,142,3,2,Website,04-10-2025,0
866,665,4,5,Walk-in,26-12-2025,0
867,772,2,3,Instagram,30-06-2025,0
868,516,4,3,Website,28-01-2025,0
869,382,3,4,Facebook Ads,06-09-2025,0
870,540,1,4,Facebook Ads,30-12-2025,0
871,695,5,3,Facebook Ads,20-08-2025,0
872,377,1,2,Website,23-08-2025,0
873,83,4,2,Website,28-05-2025,0
874,112,2,3,Walk-in,27-02-2025,0
875,509,2,2,Website,24-09-2025,0
876,301,4,5,Referral,09-03-2025,0
877,356,4,4,Website,27-11-2025,0
878,299,2,1,Walk-in,12-01-2025,0
879,855,5,3,Facebook Ads,30-07-2025,0
880,352,3,4,Facebook Ads,31-10-2025,0
881,863,5,4,Instagram,23-08-2025,0
882,581,2,3,Instagram,29-03-2025,0
883,233,4,3,Website,28-05-2025,0
884,152,3,3,Walk-in,22-08-2025,0
885,634,2,5,Walk-in,27-05-2025,0
886,997,2,2,Walk-in,24-03-2025,0
887,120,1,3,Walk-in,22-10-2025,0
888,452,3,3,Walk-in,05-04-2025,0
889,576,1,3,Walk-in,26-06-2025,0
890,382,4,5,Facebook Ads,25-03-2025,0
891,309,1,1,Referral,27-07-2025,0
892,787,2,4,Walk-in,13-06-2025,0
893,5,5,5,Instagram,19-06-2025,0
894,486,3,5,Walk-in,08-12-2025,0
895,819,5,4,Website,23-06-2025,0
896,750,4,1,Facebook Ads,13-03-2025,0
897,120,3,1,Facebook Ads,25-07-2025,0
898,862,2,4,Website,02-07-2025,0
899,335,1,5,Walk-in,25-11-2025,0
900,598,5,2,Walk-in,23-05-2025,0
901,24,1,5,Website,17-08-2025,0
902,1000,5,4,Referral,10-04-2025,0
903,326,5,5,Website,19-09-2025,0
904,931,3,4,Referral,17-03-2025,0
905,379,4,3,Instagram,07-01-2025,0
906,354,3,3,Facebook Ads,17-08-2025,0
907,90,2,4,Referral,01-08-2025,0
908,296,2,4,Walk-in,01-08-2025,0
909,856,5,5,Walk-in,14-02-2025,0
910,213,3,4,Instagram,26-09-2025,0
911,68,5,4,Website,15-02-2025,0
912,420,3,4,Facebook Ads,31-03-2025,0
913,474,5,2,Walk-in,13-04-2025,0
914,853,4,3,Referral,11-10-2025,0
915,44,3,5,Referral,05-06-2025,0
916,573,4,2,Website,14-01-2025,0
917,158,3,3,Referral,24-11-2025,0
918,128,3,4,Referral,02-04-2025,0
919,929,2,1,Instagram,03-03-2025,0
920,505,1,5,Facebook Ads,05-07-2025,0
921,493,5,4,Referral,13-05-2025,0
922,998,1,3,Facebook Ads,20-09-2025,0
923,18,3,2,Website,25-10-2025,0
924,150,3,4,Walk-in,21-12-2025,0
925,366,2,1,Instagram,20-05-2025,0
926,430,3,1,Instagram,29-05-2025,0
927,543,1,5,Walk-in,10-04-2025,0
928,784,1,5,Facebook Ads,27-03-2025,0
929,331,3,3,Instagram,19-05-2025,0
930,99,5,5,Walk-in,30-06-2025,0
931,14,2,5,Instagram,25-05-2025,0
932,798,4,4,Walk-in,24-06-2025,0
933,105,2,2,Walk-in,15-09-2025,0
934,852,2,5,Facebook Ads,11-11-2025,0
935,867,5,5,Website,26-12-2025,0
936,428,4,1,Walk-in,01-03-2025,0
937,946,1,4,Instagram,28-06-2025,0
938,708,3,2,Facebook Ads,15-08-2025,0
939,536,3,2,Instagram,30-12-2025,0
940,30,1,2,Walk-in,07-03-2025,0
941,705,2,3,Walk-in,06-03-2025,0
942,134,1,4,Website,20-12-2025,0
943,80,1,4,Website,09-08-2025,0
944,202,1,1,Facebook Ads,04-12-2025,0
945,608,1,4,Instagram,02-03-2025,0
946,45,1,3,Website,08-12-2025,0
947,773,1,1,Walk-in,05-11-2025,0
948,602,2,2,Instagram,10-12-2025,0
949,30,1,2,Facebook Ads,23-05-2025,0
950,357,3,2,Facebook Ads,14-09-2025,0
951,248,5,5,Website,04-02-2025,0
952,840,5,1,Walk-in,28-09-2025,0
953,733,2,3,Facebook Ads,29-03-2025,0
954,5,1,2,Referral,16-09-2025,0
955,376,5,2,Website,14-08-2025,0
956,186,3,4,Walk-in,06-08-2025,0
957,527,2,4,Instagram,27-02-2025,0
958,127,4,1,Walk-in,24-09-2025,0
959,508,3,3,Website,13-10-2025,0
960,85,3,4,Referral,01-03-2025,0
961,291,4,5,Referral,09-06-2025,0
962,232,5,4,Referral,29-05-2025,0
963,194,1,4,Instagram,14-12-2025,0
964,184,1,4,Website,11-12-2025,0
965,406,4,5,Website,04-12-2025,0
966,123,2,4,Facebook Ads,25-07-2025,0
967,105,2,1,Walk-in,06-07-2025,0
968,347,2,5,Website,26-07-2025,0
969,239,4,4,Facebook Ads,23-05-2025,0
970,608,3,4,Referral,02-07-2025,0
971,683,5,4,Facebook Ads,06-09-2025,0
972,286,2,4,Website,25-02-2025,0
973,257,4,4,Walk-in,29-04-2025,0
974,31,1,1,Referral,04-02-2025,0
975,695,1,2,Facebook Ads,15-07-2025,0
976,696,3,2,Facebook Ads,05-06-2025,0
977,639,1,1,Facebook Ads,05-12-2025,0
978,786,4,4,Instagram,14-04-2025,0
979,678,4,4,Instagram,16-09-2025,0
980,556,3,5,Website,07-10-2025,0
981,976,1,4,Referral,02-03-2025,0
982,461,3,4,Referral,15-08-2025,0
983,37,1,2,Instagram,13-10-2025,0
984,906,2,4,Walk-in,09-08-2025,0
985,320,4,4,Facebook Ads,26-02-2025,0
986,692,4,5,Facebook Ads,17-12-2025,0
987,586,4,4,Walk-in,15-10-2025,0
988,519,1,4,Referral,15-05-2025,0
989,606,4,5,Instagram,13-12-2025,0
990,785,3,3,Website,01-02-2025,0
991,605,1,2,Instagram,07-07-2025,0
992,829,5,1,Instagram,17-11-2025,0
993,390,1,4,Instagram,26-06-2025,0
994,422,3,1,Walk-in,05-12-2025,0
995,254,2,3,Website,31-10-2025,0
996,933,1,3,Instagram,28-02-2025,0
997,174,1,5,Website,16-06-2025,0
998,472,4,5,Referral,21-09-2025,0
999,274,1,4,Website,29-10-2025,0
1000,325,4,5,Instagram,19-07-2025,0
1001,587,1,4,Walk-in,21-02-2025,0
1002,345,4,5,Instagram,08-12-2025,0
1003,171,5,3,Referral,06-07-2025,0
1004,207,4,1,Walk-in,02-10-2025,0
1005,295,3,1,Facebook Ads,02-06-2025,0
1006,412,2,5,Facebook Ads,17-02-2025,0
1007,98,5,3,Website,20-05-2025,0
1008,581,5,4,Walk-in,07-08-2025,0
1009,356,1,3,Instagram,16-09-2025,0
1010,444,5,3,Referral,13-04-2025,0
1011,412,3,5,Referral,21-09-2025,0
1012,688,5,2,Facebook Ads,10-01-2025,0
1013,884,2,5,Walk-in,13-09-2025,0
1014,677,4,3,Facebook Ads,23-11-2025,0
1015,829,5,4,Website,17-10-2025,0
1016,535,2,3,Walk-in,25-08-2025,0
1017,247,2,3,Referral,11-08-2025,0
1018,327,1,2,Instagram,31-07-2025,0
1019,844,3,2,Facebook Ads,12-05-2025,0
1020,242,4,2,Walk-in,28-02-2025,0
1021,197,1,2,Referral,08-06-2025,0
1022,498,5,4,Website,05-08-2025,0
1023,207,2,3,Website,11-03-2025,0
1024,265,3,5,Website,01-04-2025,0
1025,987,4,1,Website,29-01-2025,0
1026,322,5,3,Referral,02-02-2025,0
1027,919,3,1,Walk-in,23-07-2025,0
1028,242,1,5,Website,14-09-2025,0
1029,535,5,5,Referral,09-05-2025,0
1030,906,1,2,Website,04-11-2025,0
1031,792,3,3,Referral,27-10-2025,0
1032,826,2,4,Walk-in,22-04-2025,0
1033,110,2,2,Referral,21-05-2025,0
1034,419,3,5,Referral,29-01-2025,0
1035,547,3,1,Facebook Ads,12-06-2025,0
1036,434,4,2,Walk-in,23-05-2025,0
1037,372,4,3,Website,07-06-2025,0
1038,661,5,1,Website,06-12-2025,0
1039,708,2,3,Referral,10-10-2025,0
1040,317,3,1,Walk-in,01-10-2025,0
1041,879,4,4,Referral,05-01-2025,0
1042,950,3,3,Walk-in,16-02-2025,0
1043,305,2,2,Instagram,13-08-2025,0
1044,901,4,1,Website,21-05-2025,0
1045,843,4,4,Instagram,31-07-2025,0
1046,735,4,1,Instagram,24-03-2025,0
1047,519,1,3,Facebook Ads,04-08-2025,0
1048,747,5,3,Website,21-08-2025,0
1049,781,1,2,Referral,19-11-2025,0
1050,811,2,1,Walk-in,25-07-2025,0
1051,644,3,3,Website,22-10-2025,0
1052,114,2,2,Walk-in,22-09-2025,0
1053,868,5,4,Referral,13-06-2025,0
1054,490,2,3,Facebook Ads,30-03-2025,0
1055,847,3,3,Website,12-04-2025,0
1056,425,3,2,Referral,21-07-2025,0
1057,968,5,2,Website,11-01-2025,0
1058,946,5,5,Walk-in,17-11-2025,0
1059,929,1,4,Instagram,12-04-2025,0
1060,719,2,1,Facebook Ads,25-07-2025,0
1061,440,5,3,Website,18-03-2025,0
1062,982,3,2,Website,18-10-2025,0
1063,15,5,4,Referral,21-08-2025,0
1064,122,2,2,Instagram,08-04-2025,0
1065,295,4,4,Referral,08-03-2025,0
1066,877,2,5,Instagram,21-04-2025,0
1067,745,2,4,Referral,03-04-2025,0
1068,812,2,1,Instagram,29-05-2025,0
1069,242,5,4,Instagram,08-05-2025,0
1070,597,4,1,Referral,06-01-2025,0
1071,137,3,4,Walk-in,18-12-2025,0
1072,731,4,4,Instagram,02-11-2025,0
1073,75,1,5,Website,31-01-2025,0
1074,341,2,4,Facebook Ads,01-07-2025,0
1075,962,5,1,Instagram,03-01-2025,0
1076,517,5,4,Referral,04-06-2025,0
1077,688,3,2,Website,14-10-2025,0
1078,595,2,3,Facebook Ads,28-03-2025,0
1079,505,3,4,Website,09-03-2025,0
1080,325,5,4,Instagram,14-03-2025,0
1081,120,3,1,Referral,07-03-2025,0
1082,893,3,3,Instagram,09-08-2025,0
1083,925,3,5,Facebook Ads,16-05-2025,0
1084,321,4,2,Referral,11-06-2025,0
1085,783,2,5,Referral,03-12-2025,0
1086,55,2,2,Walk-in,28-01-2025,0
1087,188,1,4,Walk-in,14-05-2025,0
1088,723,4,4,Referral,01-03-2025,0
1089,42,4,3,Facebook Ads,30-12-2025,0
1090,497,4,4,Walk-in,27-02-2025,0
1091,127,3,1,Instagram,15-04-2025,0
1092,185,2,5,Facebook Ads,20-05-2025,0
1093,913,5,2,Website,26-10-2025,0
1094,539,5,2,Website,02-08-2025,0
1095,253,4,1,Website,18-06-2025,0
1096,292,1,4,Facebook Ads,11-07-2025,0
1097,952,1,3,Website,20-03-2025,0
1098,84,4,4,Instagram,21-08-2025,0
1099,609,1,3,Facebook Ads,23-01-2025,0
1100,974,4,3,Walk-in,19-10-2025,0
1101,217,1,3,Website,15-06-2025,0
1102,762,1,5,Referral,05-11-2025,0
1103,95,4,3,Walk-in,02-04-2025,0
1104,989,4,1,Walk-in,11-01-2025,0
1105,167,4,4,Walk-in,26-05-2025,0
1106,124,3,4,Instagram,10-08-2025,0
1107,926,5,2,Website,03-07-2025,0
1108,853,3,5,Referral,13-04-2025,0
1109,457,4,4,Facebook Ads,18-05-2025,0
1110,615,4,1,Instagram,05-08-2025,0
1111,629,2,4,Referral,19-11-2025,0
1112,96,1,5,Referral,24-06-2025,0
1113,693,2,2,Facebook Ads,11-09-2025,0
1114,645,5,1,Referral,29-05-2025,0
1115,448,1,4,Walk-in,03-06-2025,0
1116,131,3,2,Referral,25-09-2025,0
1117,303,5,1,Website,10-10-2025,0
1118,940,1,5,Facebook Ads,25-02-2025,0
1119,436,4,1,Facebook Ads,26-08-2025,0
1120,833,3,3,Facebook Ads,11-05-2025,0
1121,84,5,1,Referral,28-02-2025,0
1122,184,2,4,Website,24-01-2025,0
1123,427,3,3,Referral,28-10-2025,0
1124,776,4,5,Instagram,16-05-2025,0
1125,990,2,2,Website,05-04-2025,0
1126,765,5,3,Website,11-12-2025,0
1127,445,5,1,Referral,03-01-2025,0
1128,120,1,2,Referral,02-12-2025,0
1129,472,4,5,Instagram,07-09-2025,0
1130,634,5,3,Referral,20-12-2025,0
1131,824,3,1,Walk-in,06-03-2025,0
1132,15,2,1,Walk-in,09-01-2025,0
1133,880,1,2,Walk-in,04-09-2025,0
1134,666,2,4,Facebook Ads,17-11-2025,0
1135,196,1,3,Walk-in,26-08-2025,0
1136,486,4,1,Walk-in,01-03-2025,0
1137,925,2,4,Referral,06-09-2025,0
1138,21,4,5,Walk-in,05-05-2025,0
1139,302,5,4,Instagram,27-01-2025,0
1140,9,1,4,Referral,01-08-2025,0
1141,755,5,5,Instagram,11-10-2025,0
1142,38,4,4,Facebook Ads,06-09-2025,0
1143,606,5,4,Website,29-04-2025,0
1144,541,1,4,Instagram,23-10-2025,0
1145,567,1,3,Referral,28-11-2025,0
1146,911,4,1,Facebook Ads,11-09-2025,0
1147,962,3,4,Referral,24-12-2025,0
1148,22,2,3,Referral,09-04-2025,0
1149,353,4,2,Walk-in,17-09-2025,0
1150,602,3,5,Referral,03-12-2025,0
1151,135,3,4,Instagram,02-08-2025,0
1152,816,4,2,Walk-in,15-11-2025,0
1153,290,1,4,Walk-in,08-03-2025,0
1154,205,2,5,Website,09-09-2025,0
1155,813,4,4,Walk-in,05-06-2025,0
1156,215,5,1,Instagram,10-01-2025,0
1157,903,3,3,Walk-in,13-12-2025,0
1158,179,5,1,Instagram,02-02-2025,0
1159,441,1,5,Website,27-04-2025,0
1160,576,2,4,Instagram,13-05-2025,0
1161,804,3,1,Instagram,13-10-2025,0
1162,918,2,5,Website,06-11-2025,0
1163,724,1,4,Website,23-08-2025,0
1164,999,1,5,Website,09-11-2025,0
1165,844,5,1,Website,17-09-2025,0
1166,172,1,2,Walk-in,05-07-2025,0
1167,746,3,4,Referral,17-09-2025,0
1168,751,1,2,Instagram,28-11-2025,0
1169,343,2,1,Referral,14-04-2025,0
1170,993,4,1,Referral,06-05-2025,0
1171,350,3,5,Website,29-03-2025,0
1172,273,3,4,Walk-in,04-07-2025,0
1173,156,5,4,Walk-in,27-04-2025,0
1174,822,4,4,Referral,29-07-2025,0
1175,975,5,3,Referral,16-01-2025,0
1176,150,1,5,Website,05-02-2025,0
1177,347,3,4,Referral,26-03-2025,0
1178,63,4,1,Walk-in,05-12-2025,0
1179,925,5,1,Facebook Ads,20-11-2025,0
1180,997,3,4,Facebook Ads,25-07-2025,0
1181,895,3,3,Website,26-06-2025,0
1182,847,3,5,Walk-in,09-11-2025,0
1183,718,4,4,Walk-in,26-11-2025,0
1184,909,5,5,Referral,13-11-2025,0
1185,715,3,4,Instagram,12-04-2025,0
1186,87,1,5,Referral,21-06-2025,0
1187,743,2,5,Instagram,04-10-2025,0
1188,219,1,5,Instagram,10-10-2025,0
1189,534,3,2,Website,12-01-2025,0
1190,912,5,5,Walk-in,13-05-2025,0
1191,853,3,4,Website,16-09-2025,0
1192,750,1,3,Facebook Ads,13-05-2025,0
1193,363,1,1,Website,30-11-2025,0
1194,460,3,5,Referral,03-01-2025,0
1195,348,2,5,Facebook Ads,17-10-2025,0
1196,865,5,2,Instagram,29-06-2025,0
1197,292,5,2,Facebook Ads,13-07-2025,0
1198,756,2,1,Facebook Ads,17-06-2025,0
1199,597,2,3,Website,21-08-2025,0
1200,151,4,4,Website,11-02-2025,0
1201,64,4,2,Walk-in,01-09-2025,0
1202,457,1,3,Facebook Ads,13-12-2025,0
1203,413,5,5,Referral,23-09-2025,0
1204,893,3,5,Referral,13-09-2025,0
1205,451,4,4,Walk-in,25-03-2025,0
1206,518,2,4,Referral,31-12-2025,0
1207,133,5,5,Walk-in,02-03-2025,0
1208,467,4,1,Facebook Ads,22-03-2025,0
1209,379,1,5,Website,29-07-2025,0
1210,124,3,5,Website,29-05-2025,0
1211,536,2,1,Instagram,10-07-2025,0
1212,384,3,3,Website,06-09-2025,0
1213,811,2,2,Referral,29-10-2025,0
1214,50,3,3,Walk-in,21-04-2025,0
1215,839,4,1,Facebook Ads,04-03-2025,0
1216,358,1,1,Referral,02-08-2025,0
1217,587,3,5,Instagram,20-08-2025,0
1218,801,4,4,Walk-in,07-11-2025,0
1219,781,2,5,Referral,22-11-2025,0
1220,780,4,4,Instagram,18-03-2025,0
1221,92,5,5,Referral,29-07-2025,0
1222,239,4,3,Website,04-10-2025,0
1223,982,4,3,Website,27-11-2025,0
1224,887,2,1,Instagram,20-10-2025,0
1225,575,1,5,Walk-in,13-02-2025,0
1226,979,5,5,Website,23-10-2025,0
1227,981,5,5,Referral,07-04-2025,0
1228,515,1,1,Facebook Ads,04-12-2025,0
1229,185,1,3,Walk-in,16-04-2025,0
1230,850,5,4,Facebook Ads,13-02-2025,0
1231,622,3,4,Website,29-10-2025,0
1232,504,1,3,Walk-in,12-08-2025,0
1233,425,1,5,Referral,12-06-2025,0
1234,264,1,1,Facebook Ads,20-02-2025,0
1235,173,3,2,Instagram,04-04-2025,0
1236,787,1,2,Referral,07-06-2025,0
1237,695,2,1,Instagram,11-11-2025,0
1238,186,1,1,Referral,02-06-2025,0
1239,102,3,2,Instagram,31-07-2025,0
1240,265,4,1,Walk-in,27-01-2025,0
1241,246,5,5,Referral,02-05-2025,0
1242,521,5,4,Instagram,28-02-2025,0
1243,63,3,4,Referral,11-10-2025,0
1244,68,4,1,Walk-in,28-07-2025,0
1245,936,1,3,Facebook Ads,11-10-2025,0
1246,692,1,2,Walk-in,12-10-2025,0
1247,312,5,4,Website,17-08-2025,0
1248,867,5,2,Instagram,14-03-2025,0
1249,554,2,2,Referral,03-10-2025,0
1250,985,5,4,Website,22-01-2025,0
1251,833,4,5,Walk-in,29-05-2025,0
1252,1,1,4,Facebook Ads,20-05-2025,0
1253,257,4,3,Walk-in,20-11-2025,0
1254,600,5,3,Walk-in,24-01-2025,0
1255,757,5,5,Instagram,05-02-2025,0
1256,92,4,1,Facebook Ads,13-03-2025,0
1257,287,4,2,Facebook Ads,09-11-2025,0
1258,981,3,3,Instagram,22-11-2025,0
1259,771,4,3,Instagram,06-05-2025,0
1260,350,2,4,Instagram,03-11-2025,0
1261,17,2,1,Referral,08-11-2025,0
1262,5,1,2,Facebook Ads,31-07-2025,0
1263,917,4,4,Website,03-10-2025,0
1264,807,1,5,Referral,16-01-2025,0
1265,689,1,3,Facebook Ads,12-07-2025,0
1266,367,4,2,Website,23-12-2025,0
1267,128,4,3,Referral,09-04-2025,0
1268,10,2,1,Instagram,24-05-2025,0
1269,197,1,5,Instagram,17-11-2025,0
1270,828,2,2,Instagram,10-09-2025,0
1271,38,3,4,Facebook Ads,27-12-2025,0
1272,215,1,2,Referral,23-11-2025,0
1273,114,3,5,Referral,14-09-2025,0
1274,175,5,2,Facebook Ads,04-12-2025,0
1275,689,5,5,Website,31-03-2025,0
1276,603,2,1,Instagram,07-03-2025,0
1277,956,5,2,Instagram,25-09-2025,0
1278,197,1,5,Instagram,11-11-2025,0
1279,698,5,4,Referral,02-01-2025,0
1280,657,1,3,Referral,10-08-2025,0
1281,281,1,5,Referral,27-08-2025,0
1282,371,5,1,Website,25-04-2025,0
1283,285,4,5,Instagram,18-08-2025,0
1284,6,4,2,Website,21-06-2025,0
1285,902,5,1,Referral,26-04-2025,0
1286,981,1,2,Walk-in,11-04-2025,0
1287,338,3,1,Website,17-11-2025,0
1288,29,4,4,Facebook Ads,13-01-2025,0
1289,817,3,3,Website,07-05-2025,0
1290,485,2,3,Instagram,28-01-2025,0
1291,533,2,1,Facebook Ads,04-11-2025,0
1292,450,1,4,Website,24-10-2025,0
1293,88,1,1,Instagram,13-07-2025,0
1294,912,1,2,Referral,01-02-2025,0
1295,57,3,5,Referral,17-11-2025,0
1296,68,1,1,Website,14-10-2025,0
1297,302,4,4,Facebook Ads,19-02-2025,0
1298,771,4,2,Facebook Ads,03-11-2025,0
1299,11,4,4,Referral,26-08-2025,0
1300,902,5,5,Instagram,21-02-2025,0
1301,667,1,4,Instagram,22-09-2025,0
1302,602,2,1,Website,22-02-2025,0
1303,610,1,5,Facebook Ads,10-04-2025,0
1304,130,5,3,Referral,01-07-2025,0
1305,493,5,4,Walk-in,06-04-2025,0
1306,141,1,1,Instagram,07-03-2025,0
1307,599,4,5,Instagram,30-11-2025,0
1308,319,5,5,Walk-in,16-03-2025,0
1309,481,3,5,Instagram,25-06-2025,0
1310,378,1,5,Walk-in,28-10-2025,0
1311,59,2,5,Website,14-10-2025,0
1312,433,3,2,Walk-in,13-04-2025,0
1313,805,1,3,Referral,07-04-2025,0
1314,712,4,5,Instagram,21-12-2025,0
1315,873,5,5,Facebook Ads,21-06-2025,0
1316,307,4,3,Website,25-03-2025,0
1317,466,1,4,Website,23-04-2025,0
1318,655,2,2,Facebook Ads,27-08-2025,0
1319,219,2,4,Referral,19-06-2025,0
1320,211,4,2,Instagram,04-01-2025,0
1321,11,1,3,Facebook Ads,16-01-2025,0
1322,118,2,3,Walk-in,14-08-2025,0
1323,647,5,3,Website,23-01-2025,0
1324,204,2,3,Walk-in,31-03-2025,0
1325,907,3,2,Facebook Ads,23-06-2025,0
1326,252,2,2,Walk-in,12-01-2025,0
1327,864,3,1,Walk-in,11-01-2025,0
1328,389,1,3,Instagram,18-04-2025,0
1329,468,2,3,Walk-in,10-07-2025,0
1330,964,5,5,Website,11-08-2025,0
1331,122,2,2,Walk-in,08-04-2025,0
1332,546,4,3,Facebook Ads,12-06-2025,0
1333,440,2,1,Facebook Ads,12-11-2025,0
1334,194,5,3,Instagram,18-03-2025,0
1335,254,1,3,Facebook Ads,06-03-2025,0
1336,992,5,4,Website,18-04-2025,0
1337,804,4,5,Walk-in,03-02-2025,0
1338,521,4,5,Referral,11-07-2025,0
1339,532,4,2,Instagram,14-06-2025,0
1340,539,4,4,Instagram,31-08-2025,0
1341,596,4,5,Website,29-11-2025,0
1342,213,2,2,Walk-in,20-08-2025,0
1343,406,2,3,Referral,06-08-2025,0
1344,586,2,3,Facebook Ads,11-05-2025,0
1345,87,2,1,Referral,01-06-2025,0
1346,532,3,2,Website,26-10-2025,0
1347,477,5,5,Referral,22-06-2025,0
1348,462,4,4,Instagram,29-07-2025,0
1349,824,4,3,Referral,20-05-2025,0
1350,26,2,4,Instagram,30-04-2025,0
1351,661,1,3,Instagram,12-02-2025,0
1352,863,5,5,Website,07-10-2025,0
1353,805,3,2,Website,20-02-2025,0
1354,74,3,1,Walk-in,07-10-2025,0
1355,342,2,3,Instagram,09-05-2025,0
1356,764,3,2,Facebook Ads,28-12-2025,0
1357,142,5,3,Instagram,05-01-2025,0
1358,289,3,4,Facebook Ads,27-07-2025,0
1359,776,1,4,Facebook Ads,01-12-2025,0
1360,780,2,4,Walk-in,27-04-2025,0
1361,741,2,4,Facebook Ads,30-04-2025,0
1362,602,5,4,Instagram,25-08-2025,0
1363,811,1,3,Referral,07-04-2025,0
1364,789,4,2,Referral,13-08-2025,0
1365,874,5,1,Walk-in,11-07-2025,0
1366,592,2,3,Referral,05-01-2025,0
1367,830,3,3,Referral,26-04-2025,0
1368,436,4,5,Instagram,03-06-2025,0
1369,602,1,5,Walk-in,17-01-2025,0
1370,158,3,5,Facebook Ads,19-11-2025,0
1371,936,5,5,Referral,20-07-2025,0
1372,210,4,1,Referral,01-10-2025,0
1373,193,4,1,Facebook Ads,18-06-2025,0
1374,986,4,3,Walk-in,17-02-2025,0
1375,107,5,2,Facebook Ads,17-01-2025,0
1376,501,1,2,Website,12-04-2025,0
1377,934,4,3,Walk-in,16-04-2025,0
1378,299,5,1,Website,21-08-2025,0
1379,378,5,1,Instagram,29-03-2025,0
1380,881,4,4,Website,22-03-2025,0
1381,133,5,4,Website,02-09-2025,0
1382,399,2,2,Instagram,16-04-2025,0
1383,443,4,2,Facebook Ads,06-11-2025,0
1384,962,3,5,Facebook Ads,14-04-2025,0
1385,734,4,3,Website,14-04-2025,0
1386,147,4,1,Facebook Ads,24-07-2025,0
1387,827,2,5,Facebook Ads,18-06-2025,0
1388,901,4,4,Facebook Ads,25-08-2025,0
1389,41,1,3,Referral,27-11-2025,0
1390,356,3,4,Walk-in,10-11-2025,0
1391,426,2,2,Referral,13-11-2025,0
1392,469,4,2,Facebook Ads,24-12-2025,0
1393,98,4,1,Walk-in,03-05-2025,0
1394,281,5,3,Website,08-12-2025,0
1395,715,2,4,Facebook Ads,30-07-2025,0
1396,125,3,1,Facebook Ads,23-02-2025,0
1397,785,3,4,Walk-in,19-08-2025,0
1398,259,2,5,Referral,23-01-2025,0
1399,28,1,4,Instagram,15-07-2025,0
1400,764,4,2,Website,23-07-2025,0
1401,11,3,1,Walk-in,30-12-2025,0
1402,335,4,4,Website,25-08-2025,0
1403,85,5,2,Walk-in,13-08-2025,0
1404,483,3,2,Website,29-03-2025,0
1405,622,1,2,Website,31-05-2025,0
1406,548,4,2,Website,09-02-2025,0
1407,694,3,2,Instagram,14-08-2025,0
1408,183,2,1,Facebook Ads,12-12-2025,0
1409,222,4,1,Facebook Ads,22-11-2025,0
1410,657,1,4,Instagram,20-12-2025,0
1411,455,1,5,Website,03-01-2025,0
1412,791,4,2,Instagram,08-05-2025,0
1413,931,2,2,Website,16-02-2025,0
1414,432,1,1,Walk-in,22-06-2025,0
1415,697,1,2,Walk-in,19-02-2025,0
1416,742,2,1,Facebook Ads,01-08-2025,0
1417,111,3,3,Walk-in,15-10-2025,0
1418,640,2,5,Referral,22-07-2025,0
1419,124,2,2,Instagram,24-02-2025,0
1420,332,2,1,Instagram,25-07-2025,0
1421,13,4,2,Walk-in,23-08-2025,0
1422,68,3,5,Website,08-07-2025,0
1423,69,2,4,Facebook Ads,04-06-2025,0
1424,512,1,5,Walk-in,19-10-2025,0
1425,258,1,5,Referral,16-06-2025,0
1426,695,2,3,Instagram,31-03-2025,0
1427,872,4,1,Website,21-06-2025,0
1428,624,5,4,Facebook Ads,15-07-2025,0
1429,656,2,5,Website,28-10-2025,0
1430,239,1,5,Instagram,05-03-2025,0
1431,243,4,2,Website,14-11-2025,0
1432,62,2,3,Instagram,13-09-2025,0
1433,207,2,4,Website,15-04-2025,0
1434,244,5,4,Walk-in,18-06-2025,0
1435,285,3,1,Referral,24-09-2025,0
1436,664,3,1,Instagram,28-04-2025,0
1437,351,2,2,Website,04-10-2025,0
1438,929,2,2,Referral,08-11-2025,0
1439,534,3,2,Website,15-08-2025,0
1440,67,4,1,Website,09-04-2025,0
1441,650,2,2,Website,06-03-2025,0
1442,178,5,5,Walk-in,15-04-2025,0
1443,520,1,4,Instagram,28-08-2025,0
1444,169,2,2,Walk-in,06-08-2025,0
1445,621,2,3,Facebook Ads,27-05-2025,0
1446,460,2,3,Website,04-09-2025,0
1447,974,3,4,Walk-in,13-07-2025,0
1448,483,4,4,Facebook Ads,16-09-2025,0
1449,753,4,2,Website,04-09-2025,0
1450,781,4,4,Instagram,12-02-2025,0
1451,610,5,2,Walk-in,11-10-2025,0
1452,264,4,4,Referral,06-06-2025,0
1453,291,4,5,Referral,07-11-2025,0
1454,74,3,2,Walk-in,29-08-2025,0
1455,159,2,1,Facebook Ads,07-01-2025,0
1456,748,3,4,Referral,27-07-2025,0
1457,963,4,3,Referral,16-07-2025,0
1458,316,5,1,Website,29-07-2025,0
1459,944,1,4,Walk-in,17-10-2025,0
1460,199,4,3,Facebook Ads,28-06-2025,0
1461,727,4,3,Website,23-12-2025,0
1462,667,4,4,Walk-in,07-05-2025,0
1463,490,1,3,Website,20-11-2025,0
1464,715,2,3,Referral,06-11-2025,0
1465,967,2,3,Facebook Ads,07-05-2025,0
1466,593,2,1,Website,01-03-2025,0
1467,660,4,4,Facebook Ads,28-12-2025,0
1468,998,1,5,Referral,07-04-2025,0
1469,170,4,3,Instagram,21-12-2025,0
1470,513,5,4,Instagram,28-10-2025,0
1471,752,4,1,Facebook Ads,25-02-2025,0
1472,796,3,2,Walk-in,18-05-2025,0
1473,953,4,3,Walk-in,04-01-2025,0
1474,836,4,1,Website,19-02-2025,0
1475,793,4,5,Instagram,02-08-2025,0
1476,751,4,2,Instagram,01-04-2025,0
1477,191,2,2,Walk-in,07-09-2025,0
1478,515,1,4,Walk-in,18-10-2025,0
1479,191,2,1,Walk-in,04-04-2025,0
1480,266,4,4,Facebook Ads,17-11-2025,0
1481,112,2,1,Website,31-05-2025,0
1482,387,1,3,Instagram,02-02-2025,0
1483,31,5,2,Referral,02-09-2025,0
1484,689,1,1,Instagram,01-02-2025,0
1485,770,1,5,Website,22-01-2025,0
1486,217,5,1,Facebook Ads,12-07-2025,0
1487,533,3,4,Instagram,31-08-2025,0
1488,619,4,3,Instagram,09-07-2025,0
1489,323,2,3,Referral,07-12-2025,0
1490,388,5,1,Instagram,02-07-2025,0
1491,826,1,1,Referral,22-08-2025,0
1492,743,2,1,Website,05-11-2025,0
1493,890,5,3,Walk-in,25-12-2025,0
1494,378,4,5,Referral,18-12-2025,0
1495,528,4,2,Instagram,02-01-2025,0
1496,18,3,1,Referral,16-06-2025,0
1497,240,5,4,Facebook Ads,24-07-2025,0
1498,814,1,3,Referral,08-08-2025,0
1499,675,1,4,Facebook Ads,31-05-2025,0
1500,200,2,5,Facebook Ads,20-10-2025,0
1501,33,2,4,Instagram,14-02-2025,0
1502,853,5,4,Referral,28-03-2025,0
1503,978,1,4,Facebook Ads,06-12-2025,0
1504,247,2,2,Website,29-03-2025,0
1505,109,4,1,Instagram,24-03-2025,0
1506,925,4,3,Instagram,23-04-2025,0
1507,682,4,1,Walk-in,07-12-2025,0
1508,945,5,4,Instagram,16-02-2025,0
1509,893,2,5,Website,04-11-2025,0
1510,660,3,4,Facebook Ads,15-07-2025,0
1511,990,4,2,Instagram,25-04-2025,0
1512,119,3,1,Website,27-02-2025,0
1513,349,5,2,Facebook Ads,01-03-2025,0
1514,377,2,3,Facebook Ads,14-07-2025,0
1515,755,1,3,Facebook Ads,01-02-2025,0
1516,549,2,4,Instagram,05-08-2025,0
1517,790,3,2,Facebook Ads,24-09-2025,0
1518,605,2,1,Website,22-07-2025,0
1519,552,4,3,Instagram,16-03-2025,0
1520,858,2,4,Referral,15-12-2025,0
1521,151,5,3,Website,16-03-2025,0
1522,614,3,3,Website,15-09-2025,0
1523,281,5,4,Walk-in,20-11-2025,0
1524,507,3,4,Instagram,31-01-2025,0
1525,157,2,2,Website,25-12-2025,0
1526,946,2,4,Instagram,20-07-2025,0
1527,835,2,1,Referral,08-10-2025,0
1528,346,4,4,Referral,28-06-2025,0
1529,401,1,5,Instagram,25-05-2025,0
1530,714,2,5,Website,21-07-2025,0
1531,135,3,5,Instagram,28-01-2025,0
1532,469,2,5,Referral,12-03-2025,0
1533,713,4,3,Walk-in,16-03-2025,0
1534,224,2,1,Facebook Ads,05-07-2025,0
1535,105,2,4,Walk-in,07-08-2025,0
1536,949,1,1,Referral,02-07-2025,0
1537,184,1,1,Instagram,21-09-2025,0
1538,608,4,2,Referral,18-11-2025,0
1539,251,1,1,Referral,04-05-2025,0
1540,501,3,5,Referral,30-03-2025,0
1541,795,1,4,Referral,29-11-2025,0
1542,282,4,3,Website,06-01-2025,0
1543,120,1,1,Facebook Ads,08-09-2025,0
1544,231,1,5,Facebook Ads,21-10-2025,0
1545,492,3,1,Walk-in,31-10-2025,0
1546,394,4,4,Facebook Ads,02-06-2025,0
1547,129,1,3,Facebook Ads,02-02-2025,0
1548,190,4,1,Facebook Ads,21-07-2025,0
1549,838,5,5,Website,08-09-2025,0
1550,532,5,5,Website,30-11-2025,0
1551,772,2,1,Facebook Ads,03-04-2025,0
1552,712,2,1,Referral,12-10-2025,0
1553,820,3,1,Walk-in,21-01-2025,0
1554,589,2,2,Facebook Ads,14-02-2025,0
1555,263,1,1,Facebook Ads,05-03-2025,0
1556,306,3,5,Referral,29-03-2025,0
1557,968,1,2,Website,03-06-2025,0
1558,969,5,3,Facebook Ads,04-12-2025,0
1559,456,2,5,Instagram,09-09-2025,0
1560,536,3,5,Facebook Ads,03-10-2025,0
1561,215,1,1,Website,02-05-2025,0
1562,193,2,3,Walk-in,21-04-2025,0
1563,617,5,2,Instagram,30-10-2025,0
1564,285,2,5,Website,05-08-2025,0
1565,564,3,3,Walk-in,15-07-2025,0
1566,410,4,1,Referral,11-05-2025,0
1567,963,2,5,Website,15-04-2025,0
1568,645,3,2,Facebook Ads,10-07-2025,0
1569,674,5,5,Referral,25-03-2025,0
1570,842,2,3,Referral,11-08-2025,0
1571,27,5,2,Instagram,09-02-2025,0
1572,128,5,1,Facebook Ads,17-12-2025,0
1573,417,1,3,Website,24-11-2025,0
1574,372,3,3,Walk-in,16-03-2025,0
1575,281,1,1,Walk-in,13-07-2025,0
1576,388,1,1,Facebook Ads,31-03-2025,0
1577,746,3,5,Website,08-09-2025,0
1578,542,3,5,Facebook Ads,25-05-2025,0
1579,278,5,1,Walk-in,25-01-2025,0
1580,326,4,2,Facebook Ads,26-06-2025,0
1581,565,5,4,Facebook Ads,02-09-2025,0
1582,131,3,1,Facebook Ads,18-12-2025,0
1583,731,2,2,Referral,15-03-2025,0
1584,582,3,1,Instagram,24-11-2025,0
1585,725,2,5,Referral,03-08-2025,0
1586,188,4,3,Facebook Ads,28-08-2025,0
1587,294,3,4,Walk-in,24-09-2025,0
1588,313,1,3,Instagram,28-07-2025,0
1589,866,1,1,Walk-in,09-02-2025,0
1590,968,1,2,Website,22-10-2025,0
1591,87,3,5,Website,10-09-2025,0
1592,986,4,5,Referral,11-03-2025,0
1593,510,5,5,Website,24-12-2025,0
1594,416,1,5,Website,08-04-2025,0
1595,732,4,5,Walk-in,26-06-2025,0
1596,757,5,5,Facebook Ads,22-01-2025,0
1597,460,2,5,Walk-in,26-04-2025,0
1598,77,3,2,Instagram,21-09-2025,0
1599,976,1,4,Referral,11-09-2025,0
1600,175,3,1,Walk-in,23-06-2025,0
1601,852,5,1,Instagram,29-05-2025,0
1602,495,3,3,Website,20-04-2025,0
1603,756,5,4,Instagram,22-04-2025,0
1604,952,5,1,Facebook Ads,26-08-2025,0
1605,869,4,1,Website,02-07-2025,0
1606,631,4,3,Instagram,02-06-2025,0
1607,110,1,3,Referral,06-04-2025,0
1608,364,1,1,Referral,09-08-2025,0
1609,203,1,5,Walk-in,21-09-2025,0
1610,421,1,4,Walk-in,04-01-2025,0
1611,788,3,2,Referral,29-08-2025,0
1612,384,3,3,Walk-in,08-08-2025,0
1613,550,3,1,Referral,13-08-2025,0
1614,166,2,3,Website,11-08-2025,0
1615,368,2,1,Instagram,08-04-2025,0
1616,42,2,4,Instagram,04-08-2025,0
1617,923,1,2,Walk-in,08-12-2025,0
1618,972,4,3,Referral,02-03-2025,0
1619,501,5,4,Walk-in,16-12-2025,0
1620,333,4,5,Walk-in,19-07-2025,0
1621,113,1,1,Walk-in,06-03-2025,0
1622,353,5,1,Walk-in,17-12-2025,0
1623,54,3,4,Website,02-11-2025,0
1624,445,4,3,Referral,25-05-2025,0
1625,85,4,2,Walk-in,13-11-2025,0
1626,747,5,2,Instagram,08-05-2025,0
1627,786,1,3,Walk-in,25-12-2025,0
1628,683,4,2,Website,31-08-2025,0
1629,718,5,5,Walk-in,03-04-2025,0
1630,876,5,2,Website,28-04-2025,0
1631,136,4,1,Walk-in,21-05-2025,0
1632,952,2,4,Facebook Ads,10-01-2025,0
1633,205,1,1,Referral,14-07-2025,0
1634,538,3,2,Instagram,24-04-2025,0
1635,437,4,1,Referral,19-09-2025,0
1636,660,1,3,Instagram,26-02-2025,0
1637,373,3,3,Referral,31-12-2025,0
1638,253,3,1,Website,04-04-2025,0
1639,1,1,3,Instagram,19-04-2025,0
1640,484,3,5,Referral,21-02-2025,0
1641,190,3,4,Instagram,06-07-2025,0
1642,312,1,1,Website,09-12-2025,0
1643,700,5,2,Instagram,19-06-2025,0
1644,760,3,5,Facebook Ads,28-09-2025,0
1645,381,2,3,Facebook Ads,18-04-2025,0
1646,394,1,1,Facebook Ads,08-03-2025,0
1647,124,1,5,Walk-in,02-12-2025,0
1648,198,4,1,Facebook Ads,08-02-2025,0
1649,634,3,3,Walk-in,31-08-2025,0
1650,547,2,1,Walk-in,07-03-2025,0
1651,429,5,3,Instagram,14-10-2025,0
1652,917,3,4,Website,19-11-2025,0
1653,933,4,1,Referral,05-09-2025,0
1654,537,5,1,Facebook Ads,27-03-2025,0
1655,281,2,3,Facebook Ads,24-01-2025,0
1656,63,2,4,Facebook Ads,11-09-2025,0
1657,892,5,1,Referral,26-03-2025,0
1658,769,5,4,Referral,15-10-2025,0
1659,411,5,3,Walk-in,16-04-2025,0
1660,4,2,5,Facebook Ads,22-04-2025,0
1661,714,1,5,Facebook Ads,22-08-2025,0
1662,725,5,3,Walk-in,05-06-2025,0
1663,304,3,5,Walk-in,02-03-2025,0
1664,230,1,5,Instagram,02-05-2025,0
1665,41,2,3,Instagram,10-03-2025,0
1666,895,1,2,Facebook Ads,18-04-2025,0
1667,119,1,3,Facebook Ads,20-11-2025,0
1668,996,3,3,Facebook Ads,12-02-2025,0
1669,271,2,4,Instagram,10-11-2025,0
1670,333,1,1,Walk-in,02-07-2025,0
1671,749,3,2,Website,12-05-2025,0
1672,551,5,1,Referral,19-12-2025,0
1673,969,3,5,Walk-in,10-10-2025,0
1674,837,4,2,Instagram,16-06-2025,0
1675,209,5,4,Referral,21-03-2025,0
1676,238,4,3,Referral,17-03-2025,0
1677,96,4,2,Walk-in,24-08-2025,0
1678,836,2,2,Referral,19-10-2025,0
1679,966,2,3,Instagram,11-01-2025,0
1680,167,2,4,Facebook Ads,18-12-2025,0
1681,193,1,2,Referral,06-02-2025,0
1682,252,4,4,Facebook Ads,21-02-2025,0
1683,141,1,5,Referral,21-02-2025,0
1684,394,1,1,Website,07-01-2025,0
1685,136,2,1,Walk-in,18-05-2025,0
1686,962,5,1,Website,05-01-2025,0
1687,556,3,1,Walk-in,14-04-2025,0
1688,492,5,4,Instagram,25-03-2025,0
1689,340,4,2,Website,05-05-2025,0
1690,557,3,5,Website,05-03-2025,0
1691,845,1,1,Instagram,06-10-2025,0
1692,106,5,4,Website,14-03-2025,0
1693,935,2,1,Referral,27-04-2025,0
1694,395,2,3,Instagram,02-12-2025,0
1695,232,4,1,Walk-in,09-09-2025,0
1696,113,2,1,Instagram,25-05-2025,0
1697,79,5,3,Instagram,02-03-2025,0
1698,946,1,1,Walk-in,06-11-2025,0
1699,183,4,5,Facebook Ads,21-06-2025,0
1700,186,4,2,Instagram,08-12-2025,0
1701,640,3,3,Instagram,23-02-2025,0
1702,939,4,3,Website,16-05-2025,0
1703,808,1,2,Walk-in,02-12-2025,0
1704,328,2,4,Referral,17-08-2025,0
1705,835,1,1,Referral,23-10-2025,0
1706,983,3,2,Instagram,16-02-2025,0
1707,131,2,4,Instagram,30-06-2025,0
1708,507,4,4,Referral,22-12-2025,0
1709,617,3,2,Walk-in,01-12-2025,0
1710,393,4,5,Facebook Ads,12-09-2025,0
1711,547,4,5,Walk-in,02-10-2025,0
1712,394,1,5,Facebook Ads,04-08-2025,0
1713,592,2,1,Instagram,01-05-2025,0
1714,3,2,1,Facebook Ads,05-07-2025,0
1715,486,2,1,Instagram,31-01-2025,0
1716,370,2,3,Walk-in,24-08-2025,0
1717,856,5,4,Walk-in,05-05-2025,0
1718,848,2,1,Website,12-03-2025,0
1719,986,2,4,Referral,14-01-2025,0
1720,381,1,1,Facebook Ads,06-12-2025,0
1721,76,4,5,Website,22-03-2025,0
1722,151,3,2,Walk-in,10-02-2025,0
1723,79,1,5,Walk-in,02-08-2025,0
1724,784,2,4,Facebook Ads,13-03-2025,0
1725,716,3,4,Instagram,30-07-2025,0
1726,455,1,3,Walk-in,26-02-2025,0
1727,62,1,5,Facebook Ads,30-03-2025,0
1728,165,1,4,Referral,05-08-2025,0
1729,568,3,5,Instagram,14-09-2025,0
1730,727,2,4,Instagram,22-03-2025,0
1731,997,1,5,Walk-in,13-07-2025,0
1732,761,2,4,Website,13-11-2025,0
1733,225,4,2,Facebook Ads,14-10-2025,0
1734,862,1,4,Instagram,02-09-2025,0
1735,669,4,4,Website,26-03-2025,0
1736,823,3,4,Instagram,10-04-2025,0
1737,112,1,1,Facebook Ads,05-07-2025,0
1738,798,3,1,Instagram,03-05-2025,0
1739,167,5,1,Walk-in,03-02-2025,0
1740,612,1,3,Facebook Ads,07-04-2025,0
1741,207,1,2,Website,18-05-2025,0
1742,584,5,1,Referral,16-10-2025,0
1743,47,1,3,Instagram,17-02-2025,0
1744,9,3,3,Facebook Ads,23-07-2025,0
1745,200,3,4,Walk-in,02-07-2025,0
1746,720,1,3,Facebook Ads,28-07-2025,0
1747,104,5,2,Facebook Ads,13-01-2025,0
1748,816,4,4,Website,28-10-2025,0
1749,298,2,2,Referral,16-12-2025,0
1750,81,1,2,Walk-in,21-04-2025,0
1751,788,2,5,Facebook Ads,22-09-2025,0
1752,668,5,3,Walk-in,18-08-2025,0
1753,348,3,3,Referral,16-11-2025,0
1754,41,4,2,Facebook Ads,17-04-2025,0
1755,622,1,2,Referral,18-10-2025,0
1756,100,1,2,Facebook Ads,08-06-2025,0
1757,889,1,4,Referral,18-02-2025,0
1758,322,2,3,Website,24-03-2025,0
1759,287,5,3,Website,30-06-2025,0
1760,73,2,4,Referral,13-05-2025,0
1761,263,4,2,Facebook Ads,05-03-2025,0
1762,500,1,3,Referral,27-05-2025,0
1763,419,5,2,Instagram,14-08-2025,0
1764,525,5,3,Website,11-07-2025,0
1765,699,4,5,Instagram,19-08-2025,0
1766,899,1,5,Website,26-11-2025,0
1767,759,2,5,Walk-in,05-01-2025,0
1768,874,1,3,Walk-in,12-07-2025,0
1769,584,4,1,Referral,25-04-2025,0
1770,896,4,1,Referral,28-06-2025,0
1771,480,5,4,Website,25-02-2025,0
1772,185,1,4,Walk-in,10-08-2025,0
1773,412,3,1,Instagram,12-06-2025,0
1774,619,4,2,Referral,26-12-2025,0
1775,118,3,4,Facebook Ads,20-01-2025,0
1776,160,4,2,Walk-in,24-11-2025,0
1777,328,5,1,Referral,04-11-2025,0
1778,64,3,4,Walk-in,31-08-2025,0
1779,56,2,1,Referral,17-12-2025,0
1780,277,3,2,Walk-in,12-02-2025,0
1781,71,3,4,Instagram,11-02-2025,0
1782,895,4,4,Walk-in,26-09-2025,0
1783,686,3,2,Website,28-01-2025,0
1784,917,4,3,Walk-in,02-06-2025,0
1785,204,3,4,Referral,04-09-2025,0
1786,549,2,4,Facebook Ads,01-07-2025,0
1787,399,1,5,Walk-in,02-11-2025,0
1788,80,5,5,Instagram,16-03-2025,0
1789,681,3,1,Referral,19-03-2025,0
1790,957,2,4,Website,12-06-2025,0
1791,812,4,3,Website,24-09-2025,0
1792,462,2,4,Facebook Ads,24-11-2025,0
1793,100,1,2,Referral,07-04-2025,0
1794,714,5,2,Referral,04-11-2025,0
1795,222,3,2,Facebook Ads,08-04-2025,0
1796,979,1,3,Website,06-07-2025,0
1797,310,3,5,Referral,05-03-2025,0
1798,665,4,4,Instagram,30-07-2025,0
1799,361,5,4,Instagram,25-09-2025,0
1800,117,2,4,Instagram,08-08-2025,0
